name,region,lastUpdatedDate,lastGeneratedBy
test client subdrive,asia,2022-11-03T06:56:19.482Z,
TEST CLIENT,TEST CLIENT,2022-11-03T06:39:46.960Z,
Surge Global,Asia,2022-11-01T10:32:55.294Z,
Vergil,Asia,2022-11-01T04:48:30.581Z,
Fintec Soulution,Asia,2022-11-01T04:45:59.448Z,
REconnect,Asia,2022-10-11T11:03:43.457Z,
Falcon Tech,UK,2022-10-04T09:04:59.997Z,
Surge ,Asia,2022-10-27T08:51:42.915Z,
Cinnamon Hotels,Sri Lanka,2022-09-16T08:06:23.713Z,
Court Facts,USA,2022-07-29T09:54:54.747Z,
GPS Electronic Monitoring,Europe,2022-12-02T09:27:02.871Z,
Atlanta Ankle Monitor,USA,2022-07-29T07:44:01.020Z,
JSG Monitoring,USA,2022-07-29T07:42:25.494Z,
House Arrest,USA,2022-07-29T07:40:34.447Z,
Judicial Link,USA,2022-07-29T07:31:56.123Z,
Tarheel Monitoring,Asia,2022-07-29T06:58:21.503Z,